,title,director_and_actors,year,ratings,number_of_users_rated
0,The Shawshank Redemption,"Frank Darabont (dir.), Tim Robbins, Morgan Freeman",(1994),9.2,"9.2 based on 2,516,822 user ratings"
1,The Godfather,"Francis Ford Coppola (dir.), Marlon Brando, Al Pacino",(1972),9.1,"9.1 based on 1,733,380 user ratings"
2,The Godfather: Part II,"Francis Ford Coppola (dir.), Al Pacino, Robert De Niro",(1974),9.0,"9.0 based on 1,202,833 user ratings"
3,The Dark Knight,"Christopher Nolan (dir.), Christian Bale, Heath Ledger",(2008),9.0,"9.0 based on 2,467,101 user ratings"
4,12 Angry Men,"Sidney Lumet (dir.), Henry Fonda, Lee J. Cobb",(1957),8.9,"8.9 based on 743,280 user ratings"
5,Schindler's List,"Steven Spielberg (dir.), Liam Neeson, Ralph Fiennes",(1993),8.9,"8.9 based on 1,286,660 user ratings"
6,The Lord of the Rings: The Return of the King,"Peter Jackson (dir.), Elijah Wood, Viggo Mortensen",(2003),8.9,"8.9 based on 1,737,826 user ratings"
7,Pulp Fiction,"Quentin Tarantino (dir.), John Travolta, Uma Thurman",(1994),8.8,"8.8 based on 1,940,024 user ratings"
8,"Il buono, il brutto, il cattivo","Sergio Leone (dir.), Clint Eastwood, Eli Wallach",(1966),8.8,"8.8 based on 728,150 user ratings"
9,The Lord of the Rings: The Fellowship of the Ring,"Peter Jackson (dir.), Elijah Wood, Ian McKellen",(2001),8.8,"8.8 based on 1,758,864 user ratings"
10,Fight Club,"David Fincher (dir.), Brad Pitt, Edward Norton",(1999),8.7,"8.7 based on 1,979,357 user ratings"
11,Forrest Gump,"Robert Zemeckis (dir.), Tom Hanks, Robin Wright",(1994),8.7,"8.7 based on 1,942,246 user ratings"
12,Inception,"Christopher Nolan (dir.), Leonardo DiCaprio, Joseph Gordon-Levitt",(2010),8.7,"8.7 based on 2,212,436 user ratings"
13,The Lord of the Rings: The Two Towers,"Peter Jackson (dir.), Elijah Wood, Ian McKellen",(2002),8.7,"8.7 based on 1,570,479 user ratings"
14,Star Wars: Episode V - The Empire Strikes Back,"Irvin Kershner (dir.), Mark Hamill, Harrison Ford",(1980),8.7,"8.7 based on 1,223,187 user ratings"
15,Spider-Man: No Way Home,"Jon Watts (dir.), Tom Holland, Zendaya",(2021),8.7,"8.7 based on 331,892 user ratings"
16,The Matrix,"Lana Wachowski (dir.), Keanu Reeves, Laurence Fishburne",(1999),8.6,"8.6 based on 1,809,256 user ratings"
17,Goodfellas,"Martin Scorsese (dir.), Robert De Niro, Ray Liotta",(1990),8.6,"8.6 based on 1,089,101 user ratings"
18,One Flew Over the Cuckoo's Nest,"Milos Forman (dir.), Jack Nicholson, Louise Fletcher",(1975),8.6,"8.6 based on 966,139 user ratings"
19,Shichinin no samurai,"Akira Kurosawa (dir.), Toshirô Mifune, Takashi Shimura",(1954),8.6,"8.6 based on 333,164 user ratings"
20,Se7en,"David Fincher (dir.), Morgan Freeman, Brad Pitt",(1995),8.6,"8.6 based on 1,545,182 user ratings"
21,The Silence of the Lambs,"Jonathan Demme (dir.), Jodie Foster, Anthony Hopkins",(1991),8.6,"8.6 based on 1,354,212 user ratings"
22,It's a Wonderful Life,"Frank Capra (dir.), James Stewart, Donna Reed",(1946),8.6,"8.6 based on 435,652 user ratings"
23,Cidade de Deus,"Fernando Meirelles (dir.), Alexandre Rodrigues, Leandro Firmino",(2002),8.6,"8.6 based on 729,877 user ratings"
24,La vita è bella,"Roberto Benigni (dir.), Roberto Benigni, Nicoletta Braschi",(1997),8.6,"8.6 based on 662,412 user ratings"
25,Saving Private Ryan,"Steven Spielberg (dir.), Tom Hanks, Matt Damon",(1998),8.6,"8.6 based on 1,314,301 user ratings"
26,Star Wars,"George Lucas (dir.), Mark Hamill, Harrison Ford",(1977),8.5,"8.5 based on 1,294,848 user ratings"
27,Interstellar,"Christopher Nolan (dir.), Matthew McConaughey, Anne Hathaway",(2014),8.5,"8.5 based on 1,663,443 user ratings"
28,Sen to Chihiro no kamikakushi,"Hayao Miyazaki (dir.), Daveigh Chase, Suzanne Pleshette",(2001),8.5,"8.5 based on 709,187 user ratings"
29,The Green Mile,"Frank Darabont (dir.), Tom Hanks, Michael Clarke Duncan",(1999),8.5,"8.5 based on 1,224,449 user ratings"
30,Gisaengchung,"Bong Joon Ho (dir.), Kang-ho Song, Sun-kyun Lee",(2019),8.5,"8.5 based on 698,957 user ratings"
31,Léon,"Luc Besson (dir.), Jean Reno, Gary Oldman",(1994),8.5,"8.5 based on 1,100,477 user ratings"
32,Seppuku,"Masaki Kobayashi (dir.), Tatsuya Nakadai, Akira Ishihama",(1962),8.5,"8.5 based on 51,083 user ratings"
33,The Pianist,"Roman Polanski (dir.), Adrien Brody, Thomas Kretschmann",(2002),8.5,"8.5 based on 784,758 user ratings"
34,Terminator 2: Judgment Day,"James Cameron (dir.), Arnold Schwarzenegger, Linda Hamilton",(1991),8.5,"8.5 based on 1,047,780 user ratings"
35,Back to the Future,"Robert Zemeckis (dir.), Michael J. Fox, Christopher Lloyd",(1985),8.5,"8.5 based on 1,132,710 user ratings"
36,The Usual Suspects,"Bryan Singer (dir.), Kevin Spacey, Gabriel Byrne",(1995),8.5,"8.5 based on 1,041,935 user ratings"
37,Psycho,"Alfred Hitchcock (dir.), Anthony Perkins, Janet Leigh",(1960),8.5,"8.5 based on 640,698 user ratings"
38,The Lion King,"Roger Allers (dir.), Matthew Broderick, Jeremy Irons",(1994),8.5,"8.5 based on 999,722 user ratings"
39,Modern Times,"Charles Chaplin (dir.), Charles Chaplin, Paulette Goddard",(1936),8.5,"8.5 based on 232,094 user ratings"
40,Hotaru no haka,"Isao Takahata (dir.), Tsutomu Tatsumi, Ayano Shiraishi",(1988),8.5,"8.5 based on 258,358 user ratings"
41,American History X,"Tony Kaye (dir.), Edward Norton, Edward Furlong",(1998),8.5,"8.5 based on 1,079,138 user ratings"
42,Whiplash,"Damien Chazelle (dir.), Miles Teller, J.K. Simmons",(2014),8.5,"8.5 based on 781,030 user ratings"
43,Gladiator,"Ridley Scott (dir.), Russell Crowe, Joaquin Phoenix",(2000),8.5,"8.5 based on 1,422,467 user ratings"
44,City Lights,"Charles Chaplin (dir.), Charles Chaplin, Virginia Cherrill",(1931),8.5,"8.5 based on 178,347 user ratings"
45,The Departed,"Martin Scorsese (dir.), Leonardo DiCaprio, Matt Damon",(2006),8.5,"8.5 based on 1,259,506 user ratings"
46,The Intouchables,"Olivier Nakache (dir.), François Cluzet, Omar Sy",(2011),8.5,"8.5 based on 810,886 user ratings"
47,The Prestige,"Christopher Nolan (dir.), Christian Bale, Hugh Jackman",(2006),8.5,"8.5 based on 1,265,431 user ratings"
48,Casablanca,"Michael Curtiz (dir.), Humphrey Bogart, Ingrid Bergman",(1942),8.4,"8.4 based on 549,810 user ratings"
49,Once Upon a Time in the West,"Sergio Leone (dir.), Henry Fonda, Charles Bronson",(1968),8.4,"8.4 based on 318,253 user ratings"
50,Rear Window,"Alfred Hitchcock (dir.), James Stewart, Grace Kelly",(1954),8.4,"8.4 based on 471,991 user ratings"
51,Nuovo Cinema Paradiso,"Giuseppe Tornatore (dir.), Philippe Noiret, Enzo Cannavale",(1988),8.4,"8.4 based on 249,295 user ratings"
52,Alien,"Ridley Scott (dir.), Sigourney Weaver, Tom Skerritt",(1979),8.4,"8.4 based on 836,497 user ratings"
53,Apocalypse Now,"Francis Ford Coppola (dir.), Martin Sheen, Marlon Brando",(1979),8.4,"8.4 based on 638,906 user ratings"
54,Memento,"Christopher Nolan (dir.), Guy Pearce, Carrie-Anne Moss",(2000),8.4,"8.4 based on 1,184,504 user ratings"
55,Raiders of the Lost Ark,"Steven Spielberg (dir.), Harrison Ford, Karen Allen",(1981),8.4,"8.4 based on 928,244 user ratings"
56,The Great Dictator,"Charles Chaplin (dir.), Charles Chaplin, Paulette Goddard",(1940),8.4,"8.4 based on 215,934 user ratings"
57,Django Unchained,"Quentin Tarantino (dir.), Jamie Foxx, Christoph Waltz",(2012),8.4,"8.4 based on 1,455,201 user ratings"
58,The Lives of Others,"Florian Henckel von Donnersmarck (dir.), Ulrich Mühe, Martina Gedeck",(2006),8.4,"8.4 based on 377,174 user ratings"
59,Paths of Glory,"Stanley Kubrick (dir.), Kirk Douglas, Ralph Meeker",(1957),8.4,"8.4 based on 189,706 user ratings"
60,Sunset Blvd.,"Billy Wilder (dir.), William Holden, Gloria Swanson",(1950),8.4,"8.4 based on 213,915 user ratings"
61,WALL·E,"Andrew Stanton (dir.), Ben Burtt, Elissa Knight",(2008),8.4,"8.4 based on 1,058,778 user ratings"
62,Avengers: Infinity War,"Anthony Russo (dir.), Robert Downey Jr., Chris Hemsworth",(2018),8.4,"8.4 based on 960,666 user ratings"
63,Witness for the Prosecution,"Billy Wilder (dir.), Tyrone Power, Marlene Dietrich",(1957),8.4,"8.4 based on 118,944 user ratings"
64,The Shining,"Stanley Kubrick (dir.), Jack Nicholson, Shelley Duvall",(1980),8.4,"8.4 based on 961,982 user ratings"
65,Spider-Man: Into the Spider-Verse,"Bob Persichetti (dir.), Shameik Moore, Jake Johnson",(2018),8.4,"8.4 based on 455,098 user ratings"
66,Dr. Strangelove or: How I Learned to Stop Worrying and Love the Bomb,"Stanley Kubrick (dir.), Peter Sellers, George C. Scott",(1964),8.4,"8.4 based on 472,777 user ratings"
67,Mononoke-hime,"Hayao Miyazaki (dir.), Yôji Matsuda, Yuriko Ishida",(1997),8.3,"8.3 based on 371,759 user ratings"
68,Oldeuboi,"Park Chan-Wook (dir.), Choi Min-sik, Yoo Ji-Tae",(2003),8.3,"8.3 based on 550,049 user ratings"
69,Joker,"Todd Phillips (dir.), Joaquin Phoenix, Robert De Niro",(2019),8.3,"8.3 based on 1,118,777 user ratings"
70,Kimi no na wa.,"Makoto Shinkai (dir.), Ryûnosuke Kamiki, Mone Kamishiraishi",(2016),8.3,"8.3 based on 235,037 user ratings"
71,Coco,"Lee Unkrich (dir.), Anthony Gonzalez, Gael García Bernal",(2017),8.3,"8.3 based on 450,174 user ratings"
72,The Dark Knight Rises,"Christopher Nolan (dir.), Christian Bale, Tom Hardy",(2012),8.3,"8.3 based on 1,603,334 user ratings"
73,Aliens,"James Cameron (dir.), Sigourney Weaver, Michael Biehn",(1986),8.3,"8.3 based on 687,879 user ratings"
74,Once Upon a Time in America,"Sergio Leone (dir.), Robert De Niro, James Woods",(1984),8.3,"8.3 based on 335,237 user ratings"
75,Avengers: Endgame,"Anthony Russo (dir.), Robert Downey Jr., Chris Evans",(2019),8.3,"8.3 based on 985,452 user ratings"
76,Capharnaüm,"Nadine Labaki (dir.), Zain Al Rafeea, Yordanos Shiferaw",(2018),8.3,"8.3 based on 79,542 user ratings"
77,Das Boot,"Wolfgang Petersen (dir.), Jürgen Prochnow, Herbert Grönemeyer",(1981),8.3,"8.3 based on 243,326 user ratings"
78,Tengoku to jigoku,"Akira Kurosawa (dir.), Toshirô Mifune, Yutaka Sada",(1963),8.3,"8.3 based on 40,951 user ratings"
79,3 Idiots,"Rajkumar Hirani (dir.), Aamir Khan, Madhavan",(2009),8.3,"8.3 based on 374,783 user ratings"
80,Toy Story,"John Lasseter (dir.), Tom Hanks, Tim Allen",(1995),8.3,"8.3 based on 941,433 user ratings"
81,Amadeus,"Milos Forman (dir.), F. Murray Abraham, Tom Hulce",(1984),8.3,"8.3 based on 386,942 user ratings"
82,American Beauty,"Sam Mendes (dir.), Kevin Spacey, Annette Bening",(1999),8.3,"8.3 based on 1,115,980 user ratings"
83,Braveheart,"Mel Gibson (dir.), Mel Gibson, Sophie Marceau",(1995),8.3,"8.3 based on 999,526 user ratings"
84,Inglourious Basterds,"Quentin Tarantino (dir.), Brad Pitt, Diane Kruger",(2009),8.3,"8.3 based on 1,357,943 user ratings"
85,Hamilton,"Thomas Kail (dir.), Lin-Manuel Miranda, Phillipa Soo",(2020),8.3,"8.3 based on 79,538 user ratings"
86,Good Will Hunting,"Gus Van Sant (dir.), Robin Williams, Matt Damon",(1997),8.3,"8.3 based on 916,061 user ratings"
87,Star Wars: Episode VI - Return of the Jedi,"Richard Marquand (dir.), Mark Hamill, Harrison Ford",(1983),8.3,"8.3 based on 1,000,228 user ratings"
88,2001: A Space Odyssey,"Stanley Kubrick (dir.), Keir Dullea, Gary Lockwood",(1968),8.3,"8.3 based on 639,150 user ratings"
89,Idi i smotri,"Elem Klimov (dir.), Aleksey Kravchenko, Olga Mironova",(1985),8.3,"8.3 based on 70,648 user ratings"
90,Reservoir Dogs,"Quentin Tarantino (dir.), Harvey Keitel, Tim Roth",(1992),8.3,"8.3 based on 971,278 user ratings"
91,Taare Zameen Par,"Aamir Khan (dir.), Darsheel Safary, Aamir Khan",(2007),8.3,"8.3 based on 183,868 user ratings"
92,Vertigo,"Alfred Hitchcock (dir.), James Stewart, Kim Novak",(1958),8.3,"8.3 based on 387,570 user ratings"
93,M - Eine Stadt sucht einen Mörder,"Fritz Lang (dir.), Peter Lorre, Ellen Widmann",(1931),8.3,"8.3 based on 152,592 user ratings"
94,Citizen Kane,"Orson Welles (dir.), Orson Welles, Joseph Cotten",(1941),8.3,"8.3 based on 427,527 user ratings"
95,Jagten,"Thomas Vinterberg (dir.), Mads Mikkelsen, Thomas Bo Larsen",(2012),8.3,"8.3 based on 310,292 user ratings"
96,Requiem for a Dream,"Darren Aronofsky (dir.), Ellen Burstyn, Jared Leto",(2000),8.3,"8.3 based on 805,182 user ratings"
97,Singin' in the Rain,"Stanley Donen (dir.), Gene Kelly, Donald O'Connor",(1952),8.3,"8.3 based on 232,194 user ratings"
98,North by Northwest,"Alfred Hitchcock (dir.), Cary Grant, Eva Marie Saint",(1959),8.3,"8.3 based on 316,353 user ratings"
99,Eternal Sunshine of the Spotless Mind,"Michel Gondry (dir.), Jim Carrey, Kate Winslet",(2004),8.3,"8.3 based on 961,055 user ratings"
100,Ikiru,"Akira Kurosawa (dir.), Takashi Shimura, Nobuo Kaneko",(1952),8.3,"8.3 based on 74,999 user ratings"
101,Ladri di biciclette,"Vittorio De Sica (dir.), Lamberto Maggiorani, Enzo Staiola",(1948),8.3,"8.3 based on 157,815 user ratings"
102,Lawrence of Arabia,"David Lean (dir.), Peter O'Toole, Alec Guinness",(1962),8.3,"8.3 based on 283,130 user ratings"
103,The Kid,"Charles Chaplin (dir.), Charles Chaplin, Edna Purviance",(1921),8.2,"8.2 based on 121,948 user ratings"
104,Full Metal Jacket,"Stanley Kubrick (dir.), Matthew Modine, R. Lee Ermey",(1987),8.2,"8.2 based on 710,563 user ratings"
105,Dangal,"Nitesh Tiwari (dir.), Aamir Khan, Sakshi Tanwar",(2016),8.2,"8.2 based on 175,850 user ratings"
106,Incendies,"Denis Villeneuve (dir.), Lubna Azabal, Mélissa Désormeaux-Poulin",(2010),8.2,"8.2 based on 166,861 user ratings"
107,The Apartment,"Billy Wilder (dir.), Jack Lemmon, Shirley MacLaine",(1960),8.2,"8.2 based on 174,742 user ratings"
108,The Father,"Florian Zeller (dir.), Anthony Hopkins, Olivia Colman",(2020),8.2,"8.2 based on 113,924 user ratings"
109,Double Indemnity,"Billy Wilder (dir.), Fred MacMurray, Barbara Stanwyck",(1944),8.2,"8.2 based on 151,763 user ratings"
110,Metropolis,"Fritz Lang (dir.), Brigitte Helm, Alfred Abel",(1927),8.2,"8.2 based on 168,837 user ratings"
111,Taxi Driver,"Martin Scorsese (dir.), Robert De Niro, Jodie Foster",(1976),8.2,"8.2 based on 774,680 user ratings"
112,A Clockwork Orange,"Stanley Kubrick (dir.), Malcolm McDowell, Patrick Magee",(1971),8.2,"8.2 based on 795,950 user ratings"
113,Jodaeiye Nader az Simin,"Asghar Farhadi (dir.), Payman Maadi, Leila Hatami",(2011),8.2,"8.2 based on 235,115 user ratings"
114,The Sting,"George Roy Hill (dir.), Paul Newman, Robert Redford",(1973),8.2,"8.2 based on 253,341 user ratings"
115,Scarface,"Brian De Palma (dir.), Al Pacino, Michelle Pfeiffer",(1983),8.2,"8.2 based on 791,512 user ratings"
116,Snatch,"Guy Ritchie (dir.), Jason Statham, Brad Pitt",(2000),8.2,"8.2 based on 822,175 user ratings"
117,Le fabuleux destin d'Amélie Poulain,"Jean-Pierre Jeunet (dir.), Audrey Tautou, Mathieu Kassovitz",(2001),8.2,"8.2 based on 732,209 user ratings"
118,1917,"Sam Mendes (dir.), Dean-Charles Chapman, George MacKay",(2019),8.2,"8.2 based on 518,898 user ratings"
119,Pather Panchali,"Satyajit Ray (dir.), Kanu Bannerjee, Karuna Bannerjee",(1955),8.2,"8.2 based on 29,852 user ratings"
120,To Kill a Mockingbird,"Robert Mulligan (dir.), Gregory Peck, John Megna",(1962),8.2,"8.2 based on 307,257 user ratings"
121,Toy Story 3,"Lee Unkrich (dir.), Tom Hanks, Tim Allen",(2010),8.2,"8.2 based on 797,011 user ratings"
122,Per qualche dollaro in più,"Sergio Leone (dir.), Clint Eastwood, Lee Van Cleef",(1965),8.2,"8.2 based on 246,877 user ratings"
123,Up,"Pete Docter (dir.), Ed Asner, Jordan Nagai",(2009),8.2,"8.2 based on 990,702 user ratings"
124,Indiana Jones and the Last Crusade,"Steven Spielberg (dir.), Harrison Ford, Sean Connery",(1989),8.2,"8.2 based on 726,152 user ratings"
125,Heat,"Michael Mann (dir.), Al Pacino, Robert De Niro",(1995),8.2,"8.2 based on 619,285 user ratings"
126,L.A. Confidential,"Curtis Hanson (dir.), Kevin Spacey, Russell Crowe",(1997),8.2,"8.2 based on 560,604 user ratings"
127,Yôjinbô,"Akira Kurosawa (dir.), Toshirô Mifune, Eijirô Tôno",(1961),8.2,"8.2 based on 118,792 user ratings"
128,Die Hard,"John McTiernan (dir.), Bruce Willis, Alan Rickman",(1988),8.2,"8.2 based on 841,420 user ratings"
129,Ran,"Akira Kurosawa (dir.), Tatsuya Nakadai, Akira Terao",(1985),8.2,"8.2 based on 121,095 user ratings"
130,Rashômon,"Akira Kurosawa (dir.), Toshirô Mifune, Machiko Kyô",(1950),8.2,"8.2 based on 162,315 user ratings"
131,Green Book,"Peter Farrelly (dir.), Viggo Mortensen, Mahershala Ali",(2018),8.2,"8.2 based on 441,604 user ratings"
132,Der Untergang,"Oliver Hirschbiegel (dir.), Bruno Ganz, Alexandra Maria Lara",(2004),8.2,"8.2 based on 345,086 user ratings"
133,Monty Python and the Holy Grail,"Terry Gilliam (dir.), Graham Chapman, John Cleese",(1975),8.2,"8.2 based on 523,544 user ratings"
134,All About Eve,"Joseph L. Mankiewicz (dir.), Bette Davis, Anne Baxter",(1950),8.2,"8.2 based on 127,508 user ratings"
135,Some Like It Hot,"Billy Wilder (dir.), Marilyn Monroe, Tony Curtis",(1959),8.2,"8.2 based on 257,567 user ratings"
136,Batman Begins,"Christopher Nolan (dir.), Christian Bale, Michael Caine",(2005),8.2,"8.2 based on 1,380,632 user ratings"
137,Unforgiven,"Clint Eastwood (dir.), Clint Eastwood, Gene Hackman",(1992),8.2,"8.2 based on 397,042 user ratings"
138,Jai Bhim,"T.J. Gnanavel (dir.), Suriya, Lijo Mol Jose",(2021),8.2,"8.2 based on 163,856 user ratings"
139,Bacheha-Ye aseman,"Majid Majidi (dir.), Mohammad Amir Naji, Amir Farrokh Hashemian",(1997),8.2,"8.2 based on 71,615 user ratings"
140,Hauru no ugoku shiro,"Hayao Miyazaki (dir.), Chieko Baishô, Takuya Kimura",(2004),8.2,"8.2 based on 366,246 user ratings"
141,The Wolf of Wall Street,"Martin Scorsese (dir.), Leonardo DiCaprio, Jonah Hill",(2013),8.2,"8.2 based on 1,296,395 user ratings"
142,Judgment at Nuremberg,"Stanley Kramer (dir.), Spencer Tracy, Burt Lancaster",(1961),8.2,"8.2 based on 74,716 user ratings"
143,There Will Be Blood,"Paul Thomas Anderson (dir.), Daniel Day-Lewis, Paul Dano",(2007),8.2,"8.2 based on 554,750 user ratings"
144,The Great Escape,"John Sturges (dir.), Steve McQueen, James Garner",(1963),8.2,"8.2 based on 236,640 user ratings"
145,Casino,"Martin Scorsese (dir.), Robert De Niro, Sharon Stone",(1995),8.2,"8.2 based on 495,452 user ratings"
146,The Treasure of the Sierra Madre,"John Huston (dir.), Humphrey Bogart, Walter Huston",(1948),8.2,"8.2 based on 121,201 user ratings"
147,Pan's Labyrinth,"Guillermo del Toro (dir.), Ivana Baquero, Ariadna Gil",(2006),8.1,"8.1 based on 645,958 user ratings"
148,A Beautiful Mind,"Ron Howard (dir.), Russell Crowe, Ed Harris",(2001),8.1,"8.1 based on 893,050 user ratings"
149,El secreto de sus ojos,"Juan José Campanella (dir.), Ricardo Darín, Soledad Villamil",(2009),8.1,"8.1 based on 203,258 user ratings"
150,Raging Bull,"Martin Scorsese (dir.), Robert De Niro, Cathy Moriarty",(1980),8.1,"8.1 based on 339,825 user ratings"
151,Chinatown,"Roman Polanski (dir.), Jack Nicholson, Faye Dunaway",(1974),8.1,"8.1 based on 313,651 user ratings"
152,Tonari no Totoro,"Hayao Miyazaki (dir.), Hitoshi Takagi, Noriko Hidaka",(1988),8.1,"8.1 based on 317,630 user ratings"
153,Dersu Uzala,"Akira Kurosawa (dir.), Maksim Munzuk, Yuriy Solomin",(1975),8.1,"8.1 based on 26,558 user ratings"
154,Shutter Island,"Martin Scorsese (dir.), Leonardo DiCaprio, Emily Mortimer",(2010),8.1,"8.1 based on 1,221,836 user ratings"
155,"Lock, Stock and Two Smoking Barrels","Guy Ritchie (dir.), Jason Flemyng, Dexter Fletcher",(1998),8.1,"8.1 based on 561,925 user ratings"
156,No Country for Old Men,"Ethan Coen (dir.), Tommy Lee Jones, Javier Bardem",(2007),8.1,"8.1 based on 917,959 user ratings"
157,Dial M for Murder,"Alfred Hitchcock (dir.), Ray Milland, Grace Kelly",(1954),8.1,"8.1 based on 169,109 user ratings"
158,The Gold Rush,"Charles Chaplin (dir.), Charles Chaplin, Mack Swain",(1925),8.1,"8.1 based on 107,776 user ratings"
159,Klaus,"Sergio Pablos (dir.), Jason Schwartzman, J.K. Simmons",(2019),8.1,"8.1 based on 134,146 user ratings"
160,The Thing,"John Carpenter (dir.), Kurt Russell, Wilford Brimley",(1982),8.1,"8.1 based on 400,265 user ratings"
161,"Three Billboards Outside Ebbing, Missouri","Martin McDonagh (dir.), Frances McDormand, Woody Harrelson",(2017),8.1,"8.1 based on 476,211 user ratings"
162,Det sjunde inseglet,"Ingmar Bergman (dir.), Max von Sydow, Gunnar Björnstrand",(1957),8.1,"8.1 based on 178,123 user ratings"
163,The Elephant Man,"David Lynch (dir.), Anthony Hopkins, John Hurt",(1980),8.1,"8.1 based on 233,225 user ratings"
164,The Sixth Sense,"M. Night Shyamalan (dir.), Bruce Willis, Haley Joel Osment",(1999),8.1,"8.1 based on 952,879 user ratings"
165,The Truman Show,"Peter Weir (dir.), Jim Carrey, Ed Harris",(1998),8.1,"8.1 based on 1,007,802 user ratings"
166,Jurassic Park,"Steven Spielberg (dir.), Sam Neill, Laura Dern",(1993),8.1,"8.1 based on 923,970 user ratings"
167,Smultronstället,"Ingmar Bergman (dir.), Victor Sjöström, Bibi Andersson",(1957),8.1,"8.1 based on 103,648 user ratings"
168,The Third Man,"Carol Reed (dir.), Orson Welles, Joseph Cotten",(1949),8.1,"8.1 based on 167,118 user ratings"
169,Salinui chueok,"Bong Joon Ho (dir.), Kang-ho Song, Kim Sang-kyung",(2003),8.1,"8.1 based on 164,819 user ratings"
170,V for Vendetta,"James McTeigue (dir.), Hugo Weaving, Natalie Portman",(2005),8.1,"8.1 based on 1,081,333 user ratings"
171,Blade Runner,"Ridley Scott (dir.), Harrison Ford, Rutger Hauer",(1982),8.1,"8.1 based on 734,265 user ratings"
172,Trainspotting,"Danny Boyle (dir.), Ewan McGregor, Ewen Bremner",(1996),8.1,"8.1 based on 663,302 user ratings"
173,Inside Out,"Pete Docter (dir.), Amy Poehler, Bill Hader",(2015),8.1,"8.1 based on 667,024 user ratings"
174,The Bridge on the River Kwai,"David Lean (dir.), William Holden, Alec Guinness",(1957),8.1,"8.1 based on 213,639 user ratings"
175,Fargo,"Joel Coen (dir.), William H. Macy, Frances McDormand",(1996),8.1,"8.1 based on 651,623 user ratings"
176,Finding Nemo,"Andrew Stanton (dir.), Albert Brooks, Ellen DeGeneres",(2003),8.1,"8.1 based on 997,102 user ratings"
177,Warrior,"Gavin O'Connor (dir.), Tom Hardy, Nick Nolte",(2011),8.1,"8.1 based on 454,781 user ratings"
178,Kill Bill: Vol. 1,"Quentin Tarantino (dir.), Uma Thurman, David Carradine",(2003),8.1,"8.1 based on 1,062,096 user ratings"
179,Gone with the Wind,"Victor Fleming (dir.), Clark Gable, Vivien Leigh",(1939),8.1,"8.1 based on 304,813 user ratings"
180,Tôkyô monogatari,"Yasujirô Ozu (dir.), Chishû Ryû, Chieko Higashiyama",(1953),8.1,"8.1 based on 58,814 user ratings"
181,On the Waterfront,"Elia Kazan (dir.), Marlon Brando, Karl Malden",(1954),8.1,"8.1 based on 150,179 user ratings"
182,Dune: Part One,"Denis Villeneuve (dir.), Timothée Chalamet, Rebecca Ferguson",(2021),8.1,"8.1 based on 421,165 user ratings"
183,Babam ve Oglum,"Cagan Irmak (dir.), Eser Sariyar, Çetin Tekindor",(2005),8.1,"8.1 based on 84,157 user ratings"
184,Relatos salvajes,"Damián Szifron (dir.), Darío Grandinetti, María Marull",(2014),8.1,"8.1 based on 189,642 user ratings"
185,Stalker,"Andrei Tarkovsky (dir.), Alisa Freyndlikh, Aleksandr Kaydanovskiy",(1979),8.1,"8.1 based on 128,629 user ratings"
186,Prisoners,"Denis Villeneuve (dir.), Hugh Jackman, Jake Gyllenhaal",(2013),8.1,"8.1 based on 654,616 user ratings"
187,The Deer Hunter,"Michael Cimino (dir.), Robert De Niro, Christopher Walken",(1978),8.1,"8.1 based on 328,299 user ratings"
188,The Grand Budapest Hotel,"Wes Anderson (dir.), Ralph Fiennes, F. Murray Abraham",(2014),8.1,"8.1 based on 760,806 user ratings"
189,The General,"Clyde Bruckman (dir.), Buster Keaton, Marion Mack",(1926),8.1,"8.1 based on 88,043 user ratings"
190,Sherlock Jr.,"Buster Keaton (dir.), Buster Keaton, Kathryn McGuire",(1924),8.1,"8.1 based on 46,986 user ratings"
191,Gran Torino,"Clint Eastwood (dir.), Clint Eastwood, Bee Vang",(2008),8.1,"8.1 based on 750,185 user ratings"
192,Persona,"Ingmar Bergman (dir.), Bibi Andersson, Liv Ullmann",(1966),8.1,"8.1 based on 112,684 user ratings"
193,Z,"Costa-Gavras (dir.), Yves Montand, Irene Papas",(1969),8.1,"8.1 based on 26,886 user ratings"
194,Before Sunrise,"Richard Linklater (dir.), Ethan Hawke, Julie Delpy",(1995),8.1,"8.1 based on 291,605 user ratings"
195,Mary and Max.,"Adam Elliot (dir.), Toni Collette, Philip Seymour Hoffman",(2009),8.1,"8.1 based on 172,474 user ratings"
196,Catch Me If You Can,"Steven Spielberg (dir.), Leonardo DiCaprio, Tom Hanks",(2002),8.1,"8.1 based on 908,318 user ratings"
197,Mr. Smith Goes to Washington,"Frank Capra (dir.), James Stewart, Jean Arthur",(1939),8.1,"8.1 based on 112,663 user ratings"
198,In the Name of the Father,"Jim Sheridan (dir.), Daniel Day-Lewis, Pete Postlethwaite",(1993),8.1,"8.1 based on 168,087 user ratings"
199,Barry Lyndon,"Stanley Kubrick (dir.), Ryan O'Neal, Marisa Berenson",(1975),8.1,"8.1 based on 160,727 user ratings"
200,Gone Girl,"David Fincher (dir.), Ben Affleck, Rosamund Pike",(2014),8.1,"8.1 based on 926,469 user ratings"
201,Room,"Lenny Abrahamson (dir.), Brie Larson, Jacob Tremblay",(2015),8.1,"8.1 based on 399,043 user ratings"
202,Hacksaw Ridge,"Mel Gibson (dir.), Andrew Garfield, Sam Worthington",(2016),8.1,"8.1 based on 480,983 user ratings"
203,La passion de Jeanne d'Arc,"Carl Theodor Dreyer (dir.), Maria Falconetti, Eugene Silvain",(1928),8.1,"8.1 based on 52,270 user ratings"
204,Andhadhun,"Sriram Raghavan (dir.), Ayushmann Khurrana, Tabu",(2018),8.1,"8.1 based on 85,810 user ratings"
205,Ford v Ferrari,"James Mangold (dir.), Matt Damon, Christian Bale",(2019),8.1,"8.1 based on 348,506 user ratings"
206,12 Years a Slave,"Steve McQueen (dir.), Chiwetel Ejiofor, Michael Kenneth Williams",(2013),8.1,"8.1 based on 673,004 user ratings"
207,To Be or Not to Be,"Ernst Lubitsch (dir.), Carole Lombard, Jack Benny",(1942),8.1,"8.1 based on 34,745 user ratings"
208,The Big Lebowski,"Joel Coen (dir.), Jeff Bridges, John Goodman",(1998),8.1,"8.1 based on 776,145 user ratings"
209,Dead Poets Society,"Peter Weir (dir.), Robin Williams, Robert Sean Leonard",(1989),8.1,"8.1 based on 458,096 user ratings"
210,How to Train Your Dragon,"Dean DeBlois (dir.), Jay Baruchel, Gerard Butler",(2010),8.1,"8.1 based on 703,770 user ratings"
211,Ben-Hur,"William Wyler (dir.), Charlton Heston, Jack Hawkins",(1959),8.1,"8.1 based on 231,253 user ratings"
212,Mad Max: Fury Road,"George Miller (dir.), Tom Hardy, Charlize Theron",(2015),8.1,"8.1 based on 944,972 user ratings"
213,Höstsonaten,"Ingmar Bergman (dir.), Ingrid Bergman, Liv Ullmann",(1978),8.1,"8.1 based on 32,463 user ratings"
214,Harry Potter and the Deathly Hallows: Part 2,"David Yates (dir.), Daniel Radcliffe, Emma Watson",(2011),8.1,"8.1 based on 819,556 user ratings"
215,Million Dollar Baby,"Clint Eastwood (dir.), Hilary Swank, Clint Eastwood",(2004),8.1,"8.1 based on 664,799 user ratings"
216,Ah-ga-ssi,"Park Chan-Wook (dir.), Kim Min-hee, Ha Jung-woo",(2016),8.1,"8.1 based on 132,390 user ratings"
217,Le salaire de la peur,"Henri-Georges Clouzot (dir.), Yves Montand, Charles Vanel",(1953),8.1,"8.1 based on 58,958 user ratings"
218,Stand by Me,"Rob Reiner (dir.), Wil Wheaton, River Phoenix",(1986),8.1,"8.1 based on 384,739 user ratings"
219,Network,"Sidney Lumet (dir.), Faye Dunaway, William Holden",(1976),8.1,"8.1 based on 154,032 user ratings"
220,Logan,"James Mangold (dir.), Hugh Jackman, Patrick Stewart",(2017),8.1,"8.1 based on 704,563 user ratings"
221,La haine,"Mathieu Kassovitz (dir.), Vincent Cassel, Hubert Koundé",(1995),8.0,"8.0 based on 163,421 user ratings"
222,Cool Hand Luke,"Stuart Rosenberg (dir.), Paul Newman, George Kennedy",(1967),8.0,"8.0 based on 171,939 user ratings"
223,Hachi: A Dog's Tale,"Lasse Hallström (dir.), Richard Gere, Joan Allen",(2009),8.0,"8.0 based on 270,873 user ratings"
224,Koe no katachi,"Naoko Yamada (dir.), Miyu Irino, Saori Hayami",(2016),8.0,"8.0 based on 68,312 user ratings"
225,Les quatre cents coups,"François Truffaut (dir.), Jean-Pierre Léaud, Albert Rémy",(1959),8.0,"8.0 based on 113,096 user ratings"
226,Gangs of Wasseypur,"Anurag Kashyap (dir.), Manoj Bajpayee, Richa Chadha",(2012),8.0,"8.0 based on 91,625 user ratings"
227,Platoon,"Oliver Stone (dir.), Charlie Sheen, Tom Berenger",(1986),8.0,"8.0 based on 399,748 user ratings"
228,Spotlight,"Tom McCarthy (dir.), Mark Ruffalo, Michael Keaton",(2015),8.0,"8.0 based on 449,593 user ratings"
229,"Monsters, Inc.","Pete Docter (dir.), Billy Crystal, John Goodman",(2001),8.0,"8.0 based on 863,648 user ratings"
230,Rebecca,"Alfred Hitchcock (dir.), Laurence Olivier, Joan Fontaine",(1940),8.0,"8.0 based on 132,727 user ratings"
231,Life of Brian,"Terry Jones (dir.), Graham Chapman, John Cleese",(1979),8.0,"8.0 based on 386,265 user ratings"
232,Fa yeung nin wah,"Kar-Wai Wong (dir.), Tony Chiu-Wai Leung, Maggie Cheung",(2000),8.0,"8.0 based on 140,294 user ratings"
233,Hotel Rwanda,"Terry George (dir.), Don Cheadle, Sophie Okonedo",(2004),8.0,"8.0 based on 346,656 user ratings"
234,Eskiya,"Yavuz Turgul (dir.), Sener Sen, Ugur Yücel",(1996),8.0,"8.0 based on 68,600 user ratings"
235,Rush,"Ron Howard (dir.), Daniel Brühl, Chris Hemsworth",(2013),8.0,"8.0 based on 459,266 user ratings"
236,Into the Wild,"Sean Penn (dir.), Emile Hirsch, Vince Vaughn",(2007),8.0,"8.0 based on 601,846 user ratings"
237,Rocky,"John G. Avildsen (dir.), Sylvester Stallone, Talia Shire",(1976),8.0,"8.0 based on 548,006 user ratings"
238,Amores perros,"Alejandro G. Iñárritu (dir.), Emilio Echevarría, Gael García Bernal",(2000),8.0,"8.0 based on 234,261 user ratings"
239,Kaze no tani no Naushika,"Hayao Miyazaki (dir.), Sumi Shimamoto, Mahito Tsujimura",(1984),8.0,"8.0 based on 162,711 user ratings"
240,It Happened One Night,"Frank Capra (dir.), Clark Gable, Claudette Colbert",(1934),8.0,"8.0 based on 100,215 user ratings"
241,Before Sunset,"Richard Linklater (dir.), Ethan Hawke, Julie Delpy",(2004),8.0,"8.0 based on 251,640 user ratings"
242,Fanny och Alexander,"Ingmar Bergman (dir.), Bertil Guve, Pernilla Allwin",(1982),8.0,"8.0 based on 62,033 user ratings"
243,Andrei Rublev,"Andrei Tarkovsky (dir.), Anatoliy Solonitsyn, Ivan Lapikov",(1966),8.0,"8.0 based on 51,760 user ratings"
244,"Shin seiki Evangelion Gekijô-ban: Air/Magokoro wo, kimi ni","Hideaki Anno (dir.), Megumi Ogata, Megumi Hayashibara",(1997),8.0,"8.0 based on 49,136 user ratings"
245,La battaglia di Algeri,"Gillo Pontecorvo (dir.), Brahim Hadjadj, Jean Martin",(1966),8.0,"8.0 based on 57,765 user ratings"
246,Le notti di Cabiria,"Federico Fellini (dir.), Giulietta Masina, François Périer",(1957),8.0,"8.0 based on 47,047 user ratings"
247,The Princess Bride,"Rob Reiner (dir.), Cary Elwes, Mandy Patinkin",(1987),8.0,"8.0 based on 414,694 user ratings"
248,Drishyam,"Jeethu Joseph (dir.), Mohanlal, Meena",(2013),8.0,"8.0 based on 38,919 user ratings"
249,Ratsasan,"Ram Kumar (dir.), Vishnu Vishal, Amala Paul",(2018),8.0,"8.0 based on 37,064 user ratings"
